{
  "Giới hạn tốc độ (20km/h)": {
    "precision": 1.0,
    "recall": 0.7333333333333333,
    "f1-score": 0.8461538461538461,
    "support": 60.0
  },
  "Giới hạn tốc độ (30km/h)": {
    "precision": 0.9982078853046595,
    "recall": 0.7736111111111111,
    "f1-score": 0.8716744913928013,
    "support": 720.0
  },
  "Giới hạn tốc độ (50km/h)": {
    "precision": 1.0,
    "recall": 0.664,
    "f1-score": 0.7980769230769231,
    "support": 750.0
  },
  "Giới hạn tốc độ (60km/h)": {
    "precision": 1.0,
    "recall": 0.8222222222222222,
    "f1-score": 0.9024390243902439,
    "support": 450.0
  },
  "Giới hạn tốc độ (70km/h)": {
    "precision": 1.0,
    "recall": 0.9151515151515152,
    "f1-score": 0.9556962025316456,
    "support": 660.0
  },
  "Giới hạn tốc độ (80km/h)": {
    "precision": 0.7135802469135802,
    "recall": 0.9174603174603174,
    "f1-score": 0.8027777777777778,
    "support": 630.0
  },
  "Hết giới hạn tốc độ (80km/h)": {
    "precision": 0.9478260869565217,
    "recall": 0.7266666666666667,
    "f1-score": 0.8226415094339623,
    "support": 150.0
  },
  "Giới hạn tốc độ (100km/h)": {
    "precision": 0.9397849462365592,
    "recall": 0.9711111111111111,
    "f1-score": 0.9551912568306011,
    "support": 450.0
  },
  "Giới hạn tốc độ (120km/h)": {
    "precision": 0.96,
    "recall": 0.8533333333333334,
    "f1-score": 0.9035294117647059,
    "support": 450.0
  },
  "Cấm vượt": {
    "precision": 0.9738562091503268,
    "recall": 0.93125,
    "f1-score": 0.952076677316294,
    "support": 480.0
  },
  "Cấm vượt với xe trên 3.5 tấn": {
    "precision": 0.8509803921568627,
    "recall": 0.9863636363636363,
    "f1-score": 0.9136842105263158,
    "support": 660.0
  },
  "Quyền ưu tiên ở giao lộ kế tiếp": {
    "precision": 0.9841269841269841,
    "recall": 0.7380952380952381,
    "f1-score": 0.8435374149659864,
    "support": 420.0
  },
  "Đường ưu tiên": {
    "precision": 0.9985007496251874,
    "recall": 0.9652173913043478,
    "f1-score": 0.9815770081061165,
    "support": 690.0
  },
  "Nhường đường": {
    "precision": 0.9986072423398329,
    "recall": 0.9958333333333333,
    "f1-score": 0.9972183588317107,
    "support": 720.0
  },
  "Dừng lại": {
    "precision": 1.0,
    "recall": 1.0,
    "f1-score": 1.0,
    "support": 270.0
  },
  "Cấm tất cả phương tiện": {
    "precision": 0.9457013574660633,
    "recall": 0.9952380952380953,
    "f1-score": 0.9698375870069605,
    "support": 210.0
  },
  "Cấm xe trên 3.5 tấn": {
    "precision": 0.9554140127388535,
    "recall": 1.0,
    "f1-score": 0.9771986970684039,
    "support": 150.0
  },
  "Cấm vào": {
    "precision": 1.0,
    "recall": 1.0,
    "f1-score": 1.0,
    "support": 360.0
  },
  "Cảnh báo nguy hiểm chung": {
    "precision": 0.996742671009772,
    "recall": 0.7846153846153846,
    "f1-score": 0.8780487804878049,
    "support": 390.0
  },
  "Khúc cua nguy hiểm bên trái": {
    "precision": 0.9375,
    "recall": 1.0,
    "f1-score": 0.967741935483871,
    "support": 60.0
  },
  "Khúc cua nguy hiểm bên phải": {
    "precision": 0.989010989010989,
    "recall": 1.0,
    "f1-score": 0.994475138121547,
    "support": 90.0
  },
  "Khúc cua đôi": {
    "precision": 0.9777777777777777,
    "recall": 0.9777777777777777,
    "f1-score": 0.9777777777777777,
    "support": 90.0
  },
  "Đường gồ ghề": {
    "precision": 0.8014184397163121,
    "recall": 0.9416666666666667,
    "f1-score": 0.8659003831417624,
    "support": 120.0
  },
  "Đường trơn trượt": {
    "precision": 0.9554140127388535,
    "recall": 1.0,
    "f1-score": 0.9771986970684039,
    "support": 150.0
  },
  "Đường hẹp bên phải": {
    "precision": 0.8737864077669902,
    "recall": 1.0,
    "f1-score": 0.9326424870466321,
    "support": 90.0
  },
  "Công trường thi công": {
    "precision": 0.9787234042553191,
    "recall": 0.9583333333333334,
    "f1-score": 0.968421052631579,
    "support": 480.0
  },
  "Đèn tín hiệu giao thông": {
    "precision": 0.7056451612903226,
    "recall": 0.9722222222222222,
    "f1-score": 0.8177570093457944,
    "support": 180.0
  },
  "Người đi bộ": {
    "precision": 0.8571428571428571,
    "recall": 1.0,
    "f1-score": 0.9230769230769231,
    "support": 60.0
  },
  "Trẻ em qua đường": {
    "precision": 1.0,
    "recall": 0.9733333333333334,
    "f1-score": 0.9864864864864865,
    "support": 150.0
  },
  "Xe đạp qua đường": {
    "precision": 0.28125,
    "recall": 1.0,
    "f1-score": 0.43902439024390244,
    "support": 90.0
  },
  "Cẩn thận băng/tuyết": {
    "precision": 0.5764705882352941,
    "recall": 0.98,
    "f1-score": 0.725925925925926,
    "support": 150.0
  },
  "Động vật hoang dã qua đường": {
    "precision": 0.9473684210526315,
    "recall": 1.0,
    "f1-score": 0.972972972972973,
    "support": 270.0
  },
  "Hết mọi giới hạn tốc độ và cấm vượt": {
    "precision": 1.0,
    "recall": 0.9833333333333333,
    "f1-score": 0.9915966386554622,
    "support": 60.0
  },
  "Rẽ phải phía trước": {
    "precision": 0.9292035398230089,
    "recall": 1.0,
    "f1-score": 0.963302752293578,
    "support": 210.0
  },
  "Rẽ trái phía trước": {
    "precision": 0.3973509933774834,
    "recall": 1.0,
    "f1-score": 0.5687203791469194,
    "support": 120.0
  },
  "Chỉ được đi thẳng": {
    "precision": 0.9623115577889447,
    "recall": 0.982051282051282,
    "f1-score": 0.9720812182741116,
    "support": 390.0
  },
  "Đi thẳng hoặc rẽ phải": {
    "precision": 0.7866666666666666,
    "recall": 0.9833333333333333,
    "f1-score": 0.8740740740740741,
    "support": 120.0
  },
  "Đi thẳng hoặc rẽ trái": {
    "precision": 0.6,
    "recall": 1.0,
    "f1-score": 0.75,
    "support": 60.0
  },
  "Đi bên phải": {
    "precision": 0.9701492537313433,
    "recall": 0.7536231884057971,
    "f1-score": 0.8482871125611745,
    "support": 690.0
  },
  "Đi bên trái": {
    "precision": 0.967391304347826,
    "recall": 0.9888888888888889,
    "f1-score": 0.978021978021978,
    "support": 90.0
  },
  "Bắt buộc đi vòng xuyến": {
    "precision": 0.828125,
    "recall": 0.5888888888888889,
    "f1-score": 0.6883116883116883,
    "support": 90.0
  },
  "Hết đoạn cấm vượt": {
    "precision": 0.8108108108108109,
    "recall": 1.0,
    "f1-score": 0.8955223880597015,
    "support": 60.0
  },
  "Hết đoạn cấm vượt với xe trên 3.5 tấn": {
    "precision": 0.7093023255813954,
    "recall": 0.6777777777777778,
    "f1-score": 0.6931818181818182,
    "support": 90.0
  },
  "accuracy": 0.8977830562153603,
  "macro avg": {
    "precision": 0.8861894952358148,
    "recall": 0.9194123887291227,
    "f1-score": 0.8870665210364229,
    "support": 12630.0
  },
  "weighted avg": {
    "precision": 0.9315570674667337,
    "recall": 0.8977830562153603,
    "f1-score": 0.9040838668763025,
    "support": 12630.0
  }
}