{
  "Giới hạn tốc độ (20km/h)": {
    "precision": 1.0,
    "recall": 0.95,
    "f1-score": 0.9743589743589743,
    "support": 60.0
  },
  "Giới hạn tốc độ (30km/h)": {
    "precision": 0.9943019943019943,
    "recall": 0.9694444444444444,
    "f1-score": 0.9817158931082982,
    "support": 720.0
  },
  "Giới hạn tốc độ (50km/h)": {
    "precision": 1.0,
    "recall": 0.9786666666666667,
    "f1-score": 0.9892183288409704,
    "support": 750.0
  },
  "Giới hạn tốc độ (60km/h)": {
    "precision": 1.0,
    "recall": 0.8288888888888889,
    "f1-score": 0.9064398541919806,
    "support": 450.0
  },
  "Giới hạn tốc độ (70km/h)": {
    "precision": 0.9984615384615385,
    "recall": 0.9833333333333333,
    "f1-score": 0.9908396946564886,
    "support": 660.0
  },
  "Giới hạn tốc độ (80km/h)": {
    "precision": 0.8780141843971632,
    "recall": 0.9825396825396825,
    "f1-score": 0.9273408239700375,
    "support": 630.0
  },
  "Hết giới hạn tốc độ (80km/h)": {
    "precision": 1.0,
    "recall": 0.8266666666666667,
    "f1-score": 0.9051094890510949,
    "support": 150.0
  },
  "Giới hạn tốc độ (100km/h)": {
    "precision": 0.974025974025974,
    "recall": 1.0,
    "f1-score": 0.9868421052631579,
    "support": 450.0
  },
  "Giới hạn tốc độ (120km/h)": {
    "precision": 0.9900990099009901,
    "recall": 0.8888888888888888,
    "f1-score": 0.936768149882904,
    "support": 450.0
  },
  "Cấm vượt": {
    "precision": 0.9978902953586498,
    "recall": 0.9854166666666667,
    "f1-score": 0.9916142557651991,
    "support": 480.0
  },
  "Cấm vượt với xe trên 3.5 tấn": {
    "precision": 0.9954128440366973,
    "recall": 0.9863636363636363,
    "f1-score": 0.9908675799086758,
    "support": 660.0
  },
  "Quyền ưu tiên ở giao lộ kế tiếp": {
    "precision": 0.9775561097256857,
    "recall": 0.9333333333333333,
    "f1-score": 0.9549330085261876,
    "support": 420.0
  },
  "Đường ưu tiên": {
    "precision": 1.0,
    "recall": 0.9898550724637681,
    "f1-score": 0.9949016751638747,
    "support": 690.0
  },
  "Nhường đường": {
    "precision": 0.9944598337950139,
    "recall": 0.9972222222222222,
    "f1-score": 0.9958391123439667,
    "support": 720.0
  },
  "Dừng lại": {
    "precision": 1.0,
    "recall": 1.0,
    "f1-score": 1.0,
    "support": 270.0
  },
  "Cấm tất cả phương tiện": {
    "precision": 1.0,
    "recall": 0.9904761904761905,
    "f1-score": 0.9952153110047847,
    "support": 210.0
  },
  "Cấm xe trên 3.5 tấn": {
    "precision": 1.0,
    "recall": 1.0,
    "f1-score": 1.0,
    "support": 150.0
  },
  "Cấm vào": {
    "precision": 1.0,
    "recall": 1.0,
    "f1-score": 1.0,
    "support": 360.0
  },
  "Cảnh báo nguy hiểm chung": {
    "precision": 0.9972527472527473,
    "recall": 0.9307692307692308,
    "f1-score": 0.9628647214854111,
    "support": 390.0
  },
  "Khúc cua nguy hiểm bên trái": {
    "precision": 1.0,
    "recall": 1.0,
    "f1-score": 1.0,
    "support": 60.0
  },
  "Khúc cua nguy hiểm bên phải": {
    "precision": 0.989010989010989,
    "recall": 1.0,
    "f1-score": 0.994475138121547,
    "support": 90.0
  },
  "Khúc cua đôi": {
    "precision": 0.9278350515463918,
    "recall": 1.0,
    "f1-score": 0.9625668449197861,
    "support": 90.0
  },
  "Đường gồ ghề": {
    "precision": 0.99,
    "recall": 0.825,
    "f1-score": 0.9,
    "support": 120.0
  },
  "Đường trơn trượt": {
    "precision": 0.9202453987730062,
    "recall": 1.0,
    "f1-score": 0.9584664536741214,
    "support": 150.0
  },
  "Đường hẹp bên phải": {
    "precision": 0.967741935483871,
    "recall": 1.0,
    "f1-score": 0.9836065573770492,
    "support": 90.0
  },
  "Công trường thi công": {
    "precision": 0.9551020408163265,
    "recall": 0.975,
    "f1-score": 0.9649484536082474,
    "support": 480.0
  },
  "Đèn tín hiệu giao thông": {
    "precision": 0.9153439153439153,
    "recall": 0.9611111111111111,
    "f1-score": 0.9376693766937669,
    "support": 180.0
  },
  "Người đi bộ": {
    "precision": 0.9076923076923077,
    "recall": 0.9833333333333333,
    "f1-score": 0.944,
    "support": 60.0
  },
  "Trẻ em qua đường": {
    "precision": 1.0,
    "recall": 1.0,
    "f1-score": 1.0,
    "support": 150.0
  },
  "Xe đạp qua đường": {
    "precision": 0.9278350515463918,
    "recall": 1.0,
    "f1-score": 0.9625668449197861,
    "support": 90.0
  },
  "Cẩn thận băng/tuyết": {
    "precision": 0.8497109826589595,
    "recall": 0.98,
    "f1-score": 0.9102167182662538,
    "support": 150.0
  },
  "Động vật hoang dã qua đường": {
    "precision": 0.8910891089108911,
    "recall": 1.0,
    "f1-score": 0.9424083769633508,
    "support": 270.0
  },
  "Hết mọi giới hạn tốc độ và cấm vượt": {
    "precision": 0.9090909090909091,
    "recall": 1.0,
    "f1-score": 0.9523809523809523,
    "support": 60.0
  },
  "Rẽ phải phía trước": {
    "precision": 0.958904109589041,
    "recall": 1.0,
    "f1-score": 0.9790209790209791,
    "support": 210.0
  },
  "Rẽ trái phía trước": {
    "precision": 0.9523809523809523,
    "recall": 1.0,
    "f1-score": 0.975609756097561,
    "support": 120.0
  },
  "Chỉ được đi thẳng": {
    "precision": 0.9872773536895675,
    "recall": 0.9948717948717949,
    "f1-score": 0.9910600255427842,
    "support": 390.0
  },
  "Đi thẳng hoặc rẽ phải": {
    "precision": 0.967741935483871,
    "recall": 1.0,
    "f1-score": 0.9836065573770492,
    "support": 120.0
  },
  "Đi thẳng hoặc rẽ trái": {
    "precision": 0.9836065573770492,
    "recall": 1.0,
    "f1-score": 0.9917355371900827,
    "support": 60.0
  },
  "Đi bên phải": {
    "precision": 0.9985380116959064,
    "recall": 0.9898550724637681,
    "f1-score": 0.9941775836972343,
    "support": 690.0
  },
  "Đi bên trái": {
    "precision": 0.9175257731958762,
    "recall": 0.9888888888888889,
    "f1-score": 0.9518716577540107,
    "support": 90.0
  },
  "Bắt buộc đi vòng xuyến": {
    "precision": 0.6692307692307692,
    "recall": 0.9666666666666667,
    "f1-score": 0.7909090909090909,
    "support": 90.0
  },
  "Hết đoạn cấm vượt": {
    "precision": 0.9836065573770492,
    "recall": 1.0,
    "f1-score": 0.9917355371900827,
    "support": 60.0
  },
  "Hết đoạn cấm vượt với xe trên 3.5 tấn": {
    "precision": 0.7623762376237624,
    "recall": 0.8555555555555555,
    "f1-score": 0.806282722513089,
    "support": 90.0
  },
  "accuracy": 0.9708630245447347,
  "macro avg": {
    "precision": 0.9564967553435875,
    "recall": 0.9707476127119707,
    "f1-score": 0.9617252125985774,
    "support": 12630.0
  },
  "weighted avg": {
    "precision": 0.9737808769613828,
    "recall": 0.9708630245447347,
    "f1-score": 0.9711082904606168,
    "support": 12630.0
  }
}