{
  "accuracy": 0.9708630442619324,
  "loss": 0.11082685738801956,
  "top3_acc": 0.9934283494949341
}